INSERT INTO Pessoas (Id, Nome, Idade) VALUES
    ('A1B2C3D4-E5F6-7890-ABCD-EF1234567890', 'Carlos Silva',       32),
    ('B2C3D4E5-F6A7-8901-BCDE-F12345678901', 'Ana Oliveira',        28),
    ('C3D4E5F6-A7B8-9012-CDEF-123456789012', 'Marcos Souza',        45),
    ('D4E5F6A7-B8C9-0123-DEF0-234567890123', 'Fernanda Costa',      23),
    ('E5F6A7B8-C9D0-1234-EF01-345678901234', 'Roberto Mendes',      37);

INSERT INTO Categorias (Id, Descricao, Finalidade) VALUES
    ('F1E2D3C4-B5A6-7890-1234-ABCDEF567890', 'Alimentação',         2),
    ('A2B3C4D5-E6F7-8901-2345-BCDEF6789012', 'Transporte',          2),
    ('B3C4D5E6-F7A8-9012-3456-CDEF78901234', 'Saúde',               0),
    ('C4D5E6F7-A8B9-0123-4567-DEF890123456', 'Entretenimento',      0),
    ('D5E6F7A8-B9C0-1234-5678-EF0123456789', 'Viagens',             0),
    ('E6F7A8B9-C0D1-2345-6789-F01234567890', 'Renda do Trabalho',   1),
    ('F7A8B9C0-D1E2-3456-789A-012345678901', 'Investimentos',       1);

INSERT INTO Transacoes (Id, Descricao, Valor, Tipo, CategoriaId, PessoaId) VALUES
    (NEWID(), 'Salário mensal',              5500.00, 1, 'E6F7A8B9-C0D1-2345-6789-F01234567890', 'A1B2C3D4-E5F6-7890-ABCD-EF1234567890'),
    (NEWID(), 'Aporte em fundo de renda',    1000.00, 0, 'F7A8B9C0-D1E2-3456-789A-012345678901', 'A1B2C3D4-E5F6-7890-ABCD-EF1234567890'),
    (NEWID(), 'Supermercado semanal',         320.50, 0, 'F1E2D3C4-B5A6-7890-1234-ABCDEF567890', 'A1B2C3D4-E5F6-7890-ABCD-EF1234567890'),
    (NEWID(), 'Uber para o trabalho',          85.00, 0, 'A2B3C4D5-E6F7-8901-2345-BCDEF6789012', 'A1B2C3D4-E5F6-7890-ABCD-EF1234567890'),

    (NEWID(), 'Freelance design',            2200.00, 1, 'E6F7A8B9-C0D1-2345-6789-F01234567890', 'B2C3D4E5-F6A7-8901-BCDE-F12345678901'),
    (NEWID(), 'Consulta médica',              250.00, 0, 'B3C4D5E6-F7A8-9012-3456-CDEF78901234', 'B2C3D4E5-F6A7-8901-BCDE-F12345678901'),
    (NEWID(), 'Netflix e Spotify',             55.90, 0, 'C4D5E6F7-A8B9-0123-4567-DEF890123456', 'B2C3D4E5-F6A7-8901-BCDE-F12345678901'),
    (NEWID(), 'Passagem aérea viagem',        890.00, 0, 'D5E6F7A8-B9C0-1234-5678-EF0123456789', 'B2C3D4E5-F6A7-8901-BCDE-F12345678901'),

    (NEWID(), 'Salário mensal',              8900.00, 1, 'E6F7A8B9-C0D1-2345-6789-F01234567890', 'C3D4E5F6-A7B8-9012-CDEF-123456789012'),
    (NEWID(), 'Dividendos ações',            1450.00, 1, 'F7A8B9C0-D1E2-3456-789A-012345678901', 'C3D4E5F6-A7B8-9012-CDEF-123456789012'),
    (NEWID(), 'Restaurante jantar',           175.00, 0, 'F1E2D3C4-B5A6-7890-1234-ABCDEF567890', 'C3D4E5F6-A7B8-9012-CDEF-123456789012'),
    (NEWID(), 'Plano de saúde',              420.00, 0, 'B3C4D5E6-F7A8-9012-3456-CDEF78901234', 'C3D4E5F6-A7B8-9012-CDEF-123456789012'),

    (NEWID(), 'Salário mensal',              3100.00, 1, 'E6F7A8B9-C0D1-2345-6789-F01234567890', 'D4E5F6A7-B8C9-0123-DEF0-234567890123'),
    (NEWID(), 'Passagem ônibus mensal',        99.00, 0, 'A2B3C4D5-E6F7-8901-2345-BCDEF6789012', 'D4E5F6A7-B8C9-0123-DEF0-234567890123'),
    (NEWID(), 'Cinema e teatro',              140.00, 0, 'C4D5E6F7-A8B9-0123-4567-DEF890123456', 'D4E5F6A7-B8C9-0123-DEF0-234567890123'),

    (NEWID(), 'Salário mensal',              6750.00, 1, 'E6F7A8B9-C0D1-2345-6789-F01234567890', 'E5F6A7B8-C9D0-1234-EF01-345678901234'),
    (NEWID(), 'Tesouro Direto',              500.00, 0, 'F7A8B9C0-D1E2-3456-789A-012345678901', 'E5F6A7B8-C9D0-1234-EF01-345678901234'),
    (NEWID(), 'Farmácia',                     68.30, 0, 'B3C4D5E6-F7A8-9012-3456-CDEF78901234', 'E5F6A7B8-C9D0-1234-EF01-345678901234'),
    (NEWID(), 'Hotel viagem de férias',      1200.00, 0, 'D5E6F7A8-B9C0-1234-5678-EF0123456789', 'E5F6A7B8-C9D0-1234-EF01-345678901234');